sample_id,ERBB2_copy_number,CEP17_copy_number,ERBB2_CEP17_ratio,ERBB2_minus_ploidy,Purity,Ploidy,Tumour Average Depth,Normal Average Depth
CPCT02020203T,2,2,1.0,-1.6970999999999998,0.85,3.6971,45.39,33.53
CPCT02180049T,4,4,1.0,0.5770000000000001,0.61,3.423,49.86,35.18
WIDE01010074T,25,2,12.5,22.0631,0.51,2.9369,50.83,38.26
CPCT02460004T,9,1,9.0,6.9487000000000005,0.54,2.0513,48.39,41.37
CPCT02190024T,16,2,8.0,12.8407,0.49,3.1593,48.89,28.39
CPCT02290048T,4,4,1.0,0.0971999999999999,0.42,3.9028,48.42,33.23
CPCT02210028T,3,1,3.0,0.965,0.63,2.035,48.41,39.57
CPCT02030478T,68,3,22.66666666666667,64.2872,0.39,3.7128,48.72,30.68
CPCT02040055T,4,4,1.0,-1.2512999999999996,0.25,5.2513,51.26,41.53
CPCT02020223TII,4,5,0.8,0.5493999999999999,0.48,3.4506,50.02,31.32
CPCT02110069T,4,2,2.0,-0.0340999999999995,0.37,4.0341,48.25,32.18
CPCT02010726T,2,2,1.0,-0.0106000000000001,0.62,2.0106,45.71,35.65
DO52550,3,1,3.0,0.5373999999999999,0.23,2.4626,47.59,37.62
WIDE01010372T,3,2,1.5,-1.1466000000000005,0.72,4.1466,50.59,42.23
CPCT02100027T,12,1,12.0,9.6532,0.35,2.3468,50.53,40.16
CPCT02030218TII,4,5,0.8,0.0411000000000001,0.45,3.9589,51.15,39.47
CPCT02010691T,3,2,1.5,1.4249,0.43,1.5751,48.37,42.35
TCGA-A8-A09IT,135,4,33.75,131.1142,0.6,3.8858,49.31,32.55
CPCT02020345TII,3,3,1.0,-1.1623,0.61,4.1623,49.24,52.89
CPCT02050285T,2,3,0.6666666666666666,0.0533999999999998,0.41,1.9466,44.53,48.43
CPCT02340112T,2,2,1.0,-0.2471999999999998,0.55,2.2472,49.33,34.79
CPCT02110004T,4,2,2.0,0.7090999999999998,0.35,3.2909,51.84,38.33
WIDE01010185T,3,2,1.5,0.0971000000000002,0.35,2.9029,49.7,44.5
DO1018,5,1,5.0,1.0233,0.53,3.9767,42.28,44.54
CPCT02060059T,1,1,1.0,-0.5499,0.5,1.5499,50.97,37.21
DO217844,4,4,1.0,-0.1224999999999996,0.23,4.1225,42.38,34.11
CPCT02020692T,6,2,3.0,2.4672,0.97,3.5328,49.23,30.6
CPCT02010886T,1,2,0.5,-0.6834,0.92,1.6834,48.52,38.28
DO218573,4,4,1.0,1.0345,0.47,2.9655,44.75,35.46
CPCT02040325T,4,4,1.0,0.7488000000000001,0.51,3.2512,50.49,30.71
CPCT02080312T,3,3,1.0,0.7256,0.82,2.2744,47.14,37.94
DO1002,3,2,1.5,1.0296,0.77,1.9704,44.94,34.88
WIDE01010231T,2,2,1.0,-1.4150999999999998,0.38,3.4151,49.71,39.51
TCGA-C8-A12LT,14,2,7.0,10.5732,0.49,3.4268,54.41,32.67
CPCT02210017T,4,3,1.3333333333333333,0.5712999999999999,0.45,3.4287,47.82,31.18
CPCT02020341T,1,2,0.5,-1.1002,0.52,2.1002,51.44,34.77
CPCT02080095T,1,2,0.5,-1.2212999999999998,0.58,2.2213,50.82,45.02
CPCT02310011T,48,8,6.0,45.6688,0.66,2.3312,49.71,38.6
CPCT02230016T,2,2,1.0,-0.0600999999999998,0.56,2.0601,48.21,38.25
CPCT02080184T,4,6,0.6666666666666666,0.6326,0.26,3.3674,48.54,35.82
CPCT02010427T,2,2,1.0,0.0001999999999999,0.47,1.9998,51.21,33.68
CPCT02390040T,2,2,1.0,0.0210999999999998,0.61,1.9789,50.46,36.4
DO218065,4,2,2.0,-0.0300000000000002,0.43,4.03,31.0,31.63
CPCT02330066T,95,4,23.75,91.1345,0.43,3.8655,49.64,44.59
CPCT02010915T,1,1,1.0,-0.9458,0.83,1.9458,48.52,36.0
CPCT02010320T,2,2,1.0,-1.0142000000000002,0.59,3.0142,51.83,49.45
CPCT02030305T,2,2,1.0,-0.0828000000000002,0.83,2.0828,51.57,40.64
CPCT02030271T,198,2,99.0,193.6703,0.57,4.3297,50.59,49.31
CPCT02370003T,2,2,1.0,-0.9207999999999998,0.7,2.9208,49.52,31.86
CPCT02120047T,2,8,0.25,-1.5560999999999998,0.22,3.5561,49.07,37.42
CPCT02360022T,2,2,1.0,-0.1198000000000001,0.97,2.1198,47.17,35.37
CPCT02120099T,2,2,1.0,0.2645,0.37,1.7355,48.65,34.92
CPCT02010523T,4,2,2.0,0.4293999999999998,0.62,3.5706,51.08,34.06
TCGA-E2-A1LGT,3,7,0.4285714285714285,-0.2075,0.76,3.2075,50.98,31.29
CPCT02030428T,2,2,1.0,-0.0865999999999997,0.58,2.0866,47.27,32.69
CPCT02080076T,2,2,1.0,-0.1756999999999999,0.61,2.1757,49.88,31.63
CPCT02120008T,4,2,2.0,0.2433000000000001,0.73,3.7567,46.72,34.29
DO218489,3,3,1.0,-0.1619999999999999,0.43,3.162,43.83,32.64
CPCT02190049T,1,4,0.25,-2.7943,0.73,3.7943,45.51,36.94
CPCT02380024T,3,6,0.5,-0.0411999999999999,0.74,3.0412,49.36,28.29
DO218212,2,3,0.6666666666666666,0.0127999999999999,0.41,1.9872,38.92,33.14
CPCT02160041T,3,3,1.0,-1.4241,0.3,4.4241,49.83,34.01
WIDE01010388T,4,3,1.3333333333333333,0.1032000000000001,0.62,3.8968,49.43,40.93
CPCT02050364T,5,2,2.5,1.7489,0.63,3.2511,49.56,35.15
CPCT02120047TII,3,7,0.4285714285714285,-0.6642999999999999,0.68,3.6643,50.46,37.42
DO1013,29,10,2.9,26.1243,0.29,2.8757,29.18,34.53
CPCT02030233T,25,1,25.0,22.8718,0.58,2.1282,49.76,33.48
TCGA-A8-A08ST,12,3,4.0,9.8911,0.86,2.1089,55.96,32.11
CPCT02080006T,2,0,0.0,-0.0045000000000001,0.55,2.0045,51.37,45.51
TCGA-AO-A0J2T,3,2,1.5,-0.4493999999999998,0.66,3.4494,57.63,33.64
CPCT02050082T,3,2,1.5,0.8892000000000002,0.93,2.1108,51.1,40.12
CPCT02020245TII,4,4,1.0,-0.1928,0.54,4.1928,45.62,35.74
CPCT02100049T,44,2,22.0,40.7224,0.7,3.2776,50.41,36.39
CPCT02050210T,2,2,1.0,-0.3449,0.7,2.3449,48.53,33.02
DO52561,4,3,1.3333333333333333,-0.3312999999999997,0.72,4.3313,39.65,36.79
CPCT02010517T,2,2,1.0,-0.0838999999999998,0.87,2.0839,48.11,37.1
CPCT02010731T,1,1,1.0,-0.9885,0.49,1.9885,49.0,33.73
CPCT02010329T,2,2,1.0,-0.7187999999999999,0.32,2.7188,45.97,26.71
CPCT02050160T,4,5,0.8,-0.8628999999999998,0.77,4.8629,48.6,42.72
CPCT02010351T,2,2,1.0,-0.9932,0.35,2.9932,51.19,36.46
CPCT02210076T,4,4,1.0,0.7927,0.73,3.2073,50.68,46.92
CPCT02470003T,2,2,1.0,-2.0147000000000004,0.23,4.0147,49.56,40.96
CPCT02010682T,2,3,0.6666666666666666,-0.3338999999999998,0.82,2.3339,47.87,43.52
CPCT02030242T,2,2,1.0,-1.4639000000000002,0.77,3.4639,51.62,39.85
CPCT02330104T,4,4,1.0,0.0617999999999998,0.26,3.9382,48.98,36.71
CPCT02040114T,3,4,0.75,0.0320999999999997,0.59,2.9679,48.11,37.17
CPCT02210037T,2,3,0.6666666666666666,0.0384999999999999,0.7,1.9615,49.36,34.33
DO52553,1,1,1.0,-0.5353000000000001,0.41,1.5353,51.14,56.85
CPCT02010433T,2,1,2.0,0.1084,0.37,1.8916,51.26,32.42
CPCT02010593T,2,2,1.0,0.2442,0.25,1.7558,45.49,33.43
DO52551,2,2,1.0,-0.7319,0.29,2.7319,44.24,39.39
TCGA-GM-A2DFT,3,2,1.5,-0.7837000000000001,0.21,3.7837,50.11,31.16
DO218377,2,2,1.0,-1.9422,0.29,3.9422,42.33,27.54
CPCT02230095T,4,5,0.8,0.2543000000000002,0.78,3.7457,49.33,32.7
CPCT02210053T,2,2,1.0,-0.3752,0.8,2.3752,49.63,43.79
CPCT02330035T,34,7,4.857142857142857,30.6908,0.64,3.3092,46.37,36.72
CPCT02230044T,3,3,1.0,0.8121999999999998,0.64,2.1878,49.46,36.4
CPCT02011058T,5,8,0.625,1.6488999999999998,0.69,3.3511,49.1,31.98
DO1012,3,4,0.75,-0.2595999999999998,0.7,3.2596,29.07,31.45
CPCT02150014T,2,2,1.0,-0.2078000000000002,0.65,2.2078,49.96,33.91
CPCT02150046T,16,2,8.0,13.9011,0.78,2.0989,50.97,37.33
WIDE01010140T,3,3,1.0,-0.4685000000000002,0.81,3.4685,46.69,31.11
TCGA-A8-A09XT,2,2,1.0,-1.4943,0.31,3.4943,43.09,27.84
CPCT02120073T,2,5,0.4,-1.412,0.33,3.412,49.29,34.17
WIDE01010478T,3,4,0.75,-0.5493999999999999,0.29,3.5494,51.14,44.85
CPCT02300032T,9,2,4.5,5.9914000000000005,0.7,3.0086,49.54,31.31
CPCT02060179T,4,4,1.0,0.0409000000000001,0.59,3.9591,49.21,36.38
CPCT02150018T,9,2,4.5,5.4171,0.59,3.5829,47.72,31.49
CPCT02220060T,2,3,0.6666666666666666,-1.6322,0.65,3.6322,48.37,39.0
CPCT02300043T,2,2,1.0,-0.9789,0.38,2.9789,48.21,36.22
TCGA-A2-A3XXT,5,5,1.0,0.1756000000000002,0.42,4.8244,47.66,28.38
CPCT02080056T,38,5,7.6,32.6482,0.68,5.3518,49.73,38.33
CPCT02020186T,6,3,2.0,2.1807,0.57,3.8193,48.51,45.31
TCGA-EW-A3U0T,4,4,1.0,-0.1432999999999999,0.26,4.1433,50.41,31.53
CPCT02380034T,2,2,1.0,0.4473,0.76,1.5527,46.79,27.54
CPCT02290010T,3,2,1.5,-0.1520999999999999,0.86,3.1521,45.22,32.73
DO217800,2,2,1.0,-0.0367000000000001,1.0,2.0367,48.32,38.27
DO218159,2,1,2.0,0.1725000000000001,0.53,1.8275,41.69,27.15
CPCT02060221T,2,1,2.0,-0.0874999999999999,0.78,2.0875,49.92,39.29
CPCT02040123T,13,1,13.0,10.9558,0.55,2.0442,45.93,34.04
DO218347,2,2,1.0,0.0069999999999998,0.61,1.993,42.16,29.44
CPCT02290046T,2,1,2.0,-0.0421999999999997,0.75,2.0422,49.01,42.52
CPCT02330042T,2,2,1.0,0.1715999999999999,0.44,1.8284,45.74,35.29
CPCT02080261T,4,4,1.0,0.8769999999999998,0.58,3.123,49.65,42.95
CPCT02090062T,2,2,1.0,-1.0731000000000002,0.37,3.0731,43.58,36.02
CPCT02010260T,29,4,7.25,26.3275,0.34,2.6725,49.39,29.09
CPCT02040266T,4,6,0.6666666666666666,0.7204999999999999,0.41,3.2795,47.32,33.87
CPCT02010746T,2,2,1.0,-0.0891000000000001,0.75,2.0891,48.42,35.07
DO1009,2,2,1.0,-1.6493000000000002,0.43,3.6493,28.63,37.92
CPCT02110079T,4,5,0.8,-0.0602,0.61,4.0602,50.51,49.32
CPCT02240011T,2,5,0.4,-1.5049,0.36,3.5049,50.68,28.42
CPCT02050338T,2,1,2.0,0.1456999999999999,0.67,1.8543,49.56,30.49
CPCT02390021T,2,2,1.0,-0.9262,0.81,2.9262,50.05,39.0
CPCT02010721T,4,6,0.6666666666666666,0.3050999999999999,0.73,3.6949,46.97,28.52
CPCT02050127T,2,3,0.6666666666666666,0.0045999999999999,0.32,1.9954,51.24,46.68
WIDE01010235T,2,2,1.0,-0.0295999999999998,0.61,2.0296,48.19,36.49
CPCT02030340T,3,4,0.75,1.0083,0.76,1.9917,48.51,30.67
TCGA-A8-A08BT,39,3,13.0,35.5833,0.63,3.4167,51.3,32.38
CPCT02210034T,2,3,0.6666666666666666,-0.9881000000000002,0.39,2.9881,49.53,39.96
CPCT02010678T,1,1,1.0,-0.9985,0.74,1.9985,44.81,42.45
CPCT02080153T,2,2,1.0,-0.0238,0.81,2.0238,47.1,36.73
CPCT02330071T,2,2,1.0,-0.6554000000000002,0.53,2.6554,49.62,41.87
WIDE01010448T,3,2,1.5,-0.4367000000000001,0.33,3.4367,49.43,42.4
CPCT02050053T,68,2,34.0,64.5735,0.62,3.4265,50.59,39.67
CPCT02310004T,93,12,7.75,87.7976,0.42,5.2024,48.99,37.66
WIDE01010124T,6,3,2.0,2.2183,0.47,3.7817,45.65,37.08
CPCT02100117T,2,2,1.0,-0.8654999999999999,0.62,2.8655,48.57,29.34
CPCT02300016T,3,3,1.0,0.306,0.85,2.694,46.18,35.51
CPCT02050299T,1,1,1.0,-0.9086,0.25,1.9086,49.1,35.84
CPCT02010528T,68,1,68.0,66.0962,0.69,1.9038,51.55,39.76
CPCT02040008T,2,2,1.0,0.1162,0.51,1.8838,52.12,39.83
CPCT02340037T,2,2,1.0,-1.2216,0.26,3.2216,49.9,29.15
CPCT02100164T,3,4,0.75,-0.6749,0.51,3.6749,50.23,30.34
CPCT02020830T,4,6,0.6666666666666666,0.6930999999999998,0.26,3.3069,47.93,40.56
CPCT02160027T,2,2,1.0,0.0948999999999999,0.7,1.9051,45.61,25.12
CPCT02020487T,2,2,1.0,0.0831999999999999,0.67,1.9168,46.6,30.99
CPCT02210069T,3,3,1.0,0.9146,0.69,2.0854,49.24,42.33
CPCT02260008T,2,2,1.0,-0.5980000000000003,0.82,2.5980000000000003,48.41,41.14
DO218072,4,4,1.0,-0.0450999999999996,0.29,4.0451,45.51,36.39
CPCT02010461T,2,5,0.4,-0.8386,0.78,2.8386,51.15,42.76
CPCT02020436T,1,1,1.0,-1.0739999999999998,0.81,2.074,51.37,30.35
CPCT02230101T,27,6,4.5,22.6915,0.21,4.3085,50.3,30.42
WIDE01010405T,2,2,1.0,-0.1499000000000001,0.31,2.1499,49.33,40.04
CPCT02260028T,1,1,1.0,-0.8432999999999999,0.51,1.8433,50.7,41.42
CPCT02240001T,25,2,12.5,21.8979,0.56,3.1021,48.78,40.7
CPCT02210051T,7,3,2.333333333333333,3.4647,0.27,3.5353,50.73,39.27
CPCT02130163T,5,3,1.6666666666666667,1.2574999999999998,0.72,3.7425,49.49,44.62
CPCT02230118T,2,2,1.0,-1.2833,0.55,3.2833,46.57,29.33
CPCT02080064T,4,4,1.0,-0.2248000000000001,0.83,4.2248,51.27,40.62
CPCT02010344TII,1,1,1.0,-0.7745,0.8,1.7745,50.78,33.72
CPCT02020288T,4,4,1.0,1.2064,0.83,2.7936,52.58,39.95
TCGA-A2-A0YGT,51,4,12.75,47.3814,0.57,3.6186,47.2,28.27
CPCT02011013T,4,2,2.0,0.3243,0.85,3.6757,50.22,34.87
CPCT02010900T,1,2,0.5,-0.8731,0.64,1.8731,48.22,36.09
CPCT02050215T,2,2,1.0,-0.8680000000000003,0.8,2.8680000000000003,47.35,31.19
DO218583,2,2,1.0,-0.0419,0.67,2.0419,38.09,36.18
CPCT02010838T,2,2,1.0,0.0618,0.45,1.9382,48.17,38.15
CPCT02080100T,4,2,2.0,0.7081,0.7,3.2919,47.88,40.71
CPCT02140053T,2,1,2.0,0.1380000000000001,0.42,1.862,49.05,30.89
TCGA-BH-A18RT,16,2,8.0,13.7601,0.53,2.2399,53.89,32.51
CPCT02100043T,2,2,1.0,0.0543,0.65,1.9457,50.52,40.52
CPCT02030463T,1,1,1.0,-0.913,0.42,1.913,49.27,37.95
WIDE01011073T,3,3,1.0,-0.2715999999999998,0.62,3.2716,49.15,36.19
CPCT02330037T,9,3,3.0,5.5999,0.28,3.4001,43.78,36.95
CPCT02120137T,1,1,1.0,-0.9192,0.59,1.9192,49.22,33.85
CPCT02010508T,3,1,3.0,1.1769,0.71,1.8231,50.6,30.66
CPCT02240008T,1,1,1.0,-0.7962,0.53,1.7962,49.36,36.2
CPCT02010281T,5,5,1.0,1.1826,0.51,3.8174,50.58,30.81
CPCT02340058T,2,4,0.5,-1.8502,0.74,3.8502,50.17,34.92
CPCT02080173T,2,2,1.0,0.1456999999999999,0.47,1.8543,46.32,37.81
CPCT02010535T,2,2,1.0,-0.0049999999999998,0.59,2.005,44.02,36.54
CPCT02080001T,3,3,1.0,-0.9927,0.25,3.9927,49.91,36.15
CPCT02080128T,2,4,0.5,-1.5334,0.67,3.5334,47.51,41.32
TCGA-AO-A03LT,6,6,1.0,2.9056,0.47,3.0944,56.94,34.36
CPCT02190019T,1,1,1.0,-1.0640999999999998,0.55,2.0641,48.15,37.17
CPCT02230047T,2,2,1.0,-0.0924,0.58,2.0924,48.15,37.87
CPCT02020635T,2,2,1.0,-0.1404999999999998,0.72,2.1405,48.33,39.28
CPCT02020194T,2,2,1.0,-0.6478999999999999,0.7,2.6479,51.83,35.17
CPCT02250007T,3,3,1.0,-0.4430000000000001,0.62,3.443,49.4,39.39
CPCT02340066TII,3,2,1.5,-0.5735000000000001,0.45,3.5735,49.4,41.67
CPCT02020829T,5,5,1.0,1.6815000000000002,0.49,3.3185,48.37,27.08
CPCT02300028T,3,1,3.0,0.9502000000000002,0.36,2.0498,44.26,32.45
DO52560,3,6,0.5,0.0727999999999999,0.49,2.9272,45.83,39.57
CPCT02050028T,1,1,1.0,-0.9789,0.69,1.9789,51.05,45.31
CPCT02010504T,2,3,0.6666666666666666,-1.207,0.57,3.207,48.19,34.29
DO218553,2,2,1.0,-0.0626999999999999,0.75,2.0627,44.52,28.79
CPCT02100020T,2,2,1.0,-0.4064000000000001,0.66,2.4064,50.05,55.52
CPCT02060272T,3,3,1.0,-0.5686,0.7,3.5686,48.89,26.55
CPCT02010401T,6,3,2.0,2.3161,0.31,3.6839,51.08,35.93
CPCT02470001T,4,5,0.8,0.4468999999999999,0.37,3.5531,48.58,40.16
CPCT02300005T,2,2,1.0,0.1689,0.49,1.8311,51.06,29.06
DO218062,2,2,1.0,-0.1312000000000002,0.44,2.1312,73.53,34.67
DO218506,3,1,3.0,0.8664000000000001,0.33,2.1336,44.52,36.68
CPCT02080296T,2,2,1.0,0.0532999999999999,0.58,1.9467,49.69,38.29
CPCT02010687T,2,3,0.6666666666666666,-1.4881000000000002,0.68,3.4881,48.37,30.28
CPCT02250010T,4,5,0.8,0.3176000000000001,0.59,3.6824,47.23,33.67
CPCT02030394T,2,3,0.6666666666666666,0.0953999999999999,0.89,1.9046,49.1,40.81
DO218457,4,2,2.0,0.1202999999999998,0.24,3.8797,49.58,42.46
CPCT02080036T,4,4,1.0,-1.4660000000000002,0.45,5.466,50.06,42.14
CPCT02040254T,2,2,1.0,-0.6863000000000001,0.68,2.6863,48.71,29.59
CPCT02160003T,3,3,1.0,-0.3178999999999998,0.7,3.3179,50.48,34.22
DO218404,1,2,0.5,-0.9058,0.5,1.9058,38.41,26.24
WIDE01010968T,3,3,1.0,0.2612000000000001,0.69,2.7388,50.46,30.19
CPCT02360012T,3,5,0.6,0.9422,0.7,2.0578,49.99,29.35
CPCT02290040T,2,2,1.0,-1.745,0.35,3.745,48.52,36.32
WIDE01011107T,3,3,1.0,1.0417,0.73,1.9583,49.72,37.9
CPCT02290003T,2,2,1.0,-0.8401999999999998,0.72,2.8402,50.72,44.48
TCGA-E2-A156T,4,4,1.0,0.0177999999999998,0.78,3.9822,54.45,32.42
CPCT02290030T,19,2,9.5,15.5831,0.23,3.4169,49.93,33.44
WIDE01010400T,3,3,1.0,-0.5592999999999999,0.57,3.5593,49.3,45.61
WIDE01010048T,2,2,1.0,-0.0264999999999999,0.85,2.0265,50.24,32.36
CPCT02040071T,2,2,1.0,-0.214,0.78,2.214,51.54,43.67
TCGA-D8-A27HT,2,2,1.0,-2.2472000000000003,0.62,4.2472,52.49,30.17
CPCT02210039T,2,3,0.6666666666666666,-0.1009000000000002,0.71,2.1009,49.28,34.03
CPCT02010447T,4,2,2.0,0.4210000000000002,0.31,3.579,51.71,44.0
WIDE01010944T,3,3,1.0,0.1124999999999998,0.39,2.8875,49.41,35.35
CPCT02030550T,4,2,2.0,0.6989000000000001,0.58,3.3011,48.39,33.22
TCGA-A2-A04TT,2,2,1.0,-1.342,0.64,3.342,27.95,39.41
TCGA-EW-A1J5T,6,6,1.0,1.8586,0.46,4.1414,55.06,31.15
TCGA-E2-A15ET,10,2,5.0,6.3683,0.32,3.6317,44.19,31.22
CPCT02011073T,2,1,2.0,-0.0867,0.73,2.0867,48.5,30.94
CPCT02010694T,3,3,1.0,0.4083000000000001,0.72,2.5917,48.49,36.01
CPCT02080022T,4,4,1.0,0.0800999999999998,0.23,3.9199,51.03,36.89
DO217786,4,4,1.0,-0.1509999999999998,0.34,4.151,44.48,33.84
DO220825,6,4,1.5,2.5325,0.43,3.4675,50.16,33.41
CPCT02160013T,24,2,12.0,21.6656,0.38,2.3344,50.0,32.34
CPCT02020637T,7,4,1.75,3.5341,0.36,3.4659,47.81,35.02
CPCT02020441T,4,4,1.0,0.6263999999999998,0.34,3.3736,50.44,30.65
CPCT02050138T,46,2,23.0,44.0433,0.68,1.9567,50.38,37.51
CPCT02180057T,4,3,1.3333333333333333,0.8166000000000002,0.81,3.1834,49.95,34.69
CPCT02020245T,2,2,1.0,-0.1072000000000001,0.67,2.1072,51.52,35.74
CPCT02030329T,3,1,3.0,1.0417,0.49,1.9583,49.96,34.56
CPCT02010936T,1,2,0.5,-0.8448,0.44,1.8448,46.86,35.41
CPCT02070352T,9,1,9.0,7.0584,0.8,1.9416,48.25,29.02
CPCT02020322T,2,2,1.0,0.0179,0.51,1.9821,51.43,32.34
CPCT02020475T,2,2,1.0,-1.8792,0.56,3.8792,50.21,38.02
CPCT02080122T,5,6,0.8333333333333334,-0.3517000000000001,0.34,5.3517,45.47,55.3
CPCT02040323T,2,2,1.0,-0.0083000000000001,0.58,2.0083,49.49,37.55
CPCT02020276T,3,3,1.0,0.1543000000000001,0.56,2.8457,49.04,39.93
DO217908,2,2,1.0,-0.0221,0.54,2.0221,66.94,33.59
CPCT02020824T,2,6,0.3333333333333333,-1.2848000000000002,0.33,3.2848,47.83,31.55
DO220823,2,3,0.6666666666666666,-0.5150000000000001,0.7,2.515,67.08,34.4
CPCT02040219T,2,2,1.0,-0.2444000000000001,0.34,2.2444,49.0,42.5
CPCT02050088T,3,3,1.0,-0.2292999999999998,0.57,3.2293,50.82,38.12
CPCT02020245TIII,4,4,1.0,-0.1963999999999996,0.22,4.1964,44.71,35.74
TCGA-AN-A0G0T,3,5,0.6,-0.1962999999999999,0.65,3.1963,53.84,31.85
CPCT02100187T,4,5,0.8,-0.0646000000000004,0.32,4.0646,48.92,33.74
CPCT02380039T,3,4,0.75,0.0727000000000002,0.7,2.9273,49.64,27.55
CPCT02340049T,3,3,1.0,-0.1907000000000001,0.71,3.1907,48.74,36.67
TCGA-EW-A1PHT,4,3,1.3333333333333333,0.6566000000000001,0.76,3.3434,48.44,30.71
CPCT02030384T,2,2,1.0,-0.0872000000000001,0.81,2.0872,46.17,27.48
CPCT02050157T,2,4,0.5,-1.6911999999999998,0.47,3.6912,47.56,26.65
CPCT02010509T,2,2,1.0,-1.3842,0.71,3.3842,50.77,33.67
CPCT02080072T,182,8,22.75,176.7667,0.34,5.2333,49.36,35.97
CPCT02020264T,2,1,2.0,0.2517,0.72,1.7483,46.94,30.7
CPCT02020345T,3,3,1.0,-1.0171,0.27,4.0171,49.12,52.89
CPCT02060197T,3,3,1.0,-0.3544999999999998,0.46,3.3545,49.76,32.94
WIDE01010207T,14,3,4.666666666666667,10.2678,0.47,3.7322,48.47,40.69
CPCT02100029T,2,2,1.0,-1.3395,0.71,3.3395,51.34,50.53
CPCT02110056T,2,2,1.0,-1.0353,0.54,3.0353,50.88,40.19
CPCT02080069T,1,1,1.0,-1.0212,0.55,2.0212,50.81,36.25
CPCT02160058T,3,2,1.5,-0.7488999999999999,0.74,3.7489,51.33,34.42
WIDE01010934T,4,5,0.8,-0.4081000000000001,0.9,4.4081,45.2,36.67
CPCT02020314T,3,4,0.75,0.7704,0.71,2.2296,51.23,28.19
CPCT02010288T,2,1,2.0,-0.0011000000000001,0.84,2.0011,48.7,37.72
CPCT02230120TII,3,3,1.0,0.9558,0.61,2.0442,50.1,43.1
CPCT02290035T,2,2,1.0,-0.6762000000000001,0.6,2.6762,49.6,31.87
CPCT02040160T,2,3,0.6666666666666666,-1.5093,0.63,3.5093,48.6,42.0
TCGA-E2-A14PT,58,4,14.5,52.7262,0.32,5.2738,51.08,39.95
CPCT02370004T,2,2,1.0,-0.0026000000000001,0.23,2.0026,48.53,32.28
CPCT02020807T,2,2,1.0,0.2775000000000001,0.44,1.7225,45.53,33.18
CPCT02320008T,5,5,1.0,1.1189,0.49,3.8811,50.82,33.37
CPCT02210035T,2,3,0.6666666666666666,0.0159,0.55,1.9841,50.09,28.79
TCGA-A7-A0CET,3,3,1.0,0.1505999999999998,0.72,2.8494,32.3,28.62
CPCT02390029T,4,5,0.8,0.1251999999999999,0.78,3.8748,48.24,31.59
CPCT02040257T,3,1,3.0,0.3506999999999998,0.66,2.6493,48.66,33.92
WIDE01010162T,2,2,1.0,0.0373000000000001,0.61,1.9627,49.68,40.53
CPCT02030265TII,1,1,1.0,-0.9565,0.28,1.9565,46.3,32.56
CPCT02100105T,2,2,1.0,-0.0190999999999998,0.79,2.0191,47.21,39.0
CPCT02020218T,4,4,1.0,-0.2683999999999997,0.2,4.2684,47.69,37.86
CPCT02020514T,2,1,2.0,0.2644,0.66,1.7356,48.03,29.94
CPCT02050431T,4,5,0.8,0.6846999999999999,0.28,3.3153,48.8,37.93
CPCT02440021T,3,3,1.0,-0.2875999999999998,0.53,3.2876,49.81,31.06
CPCT02020401T,9,2,4.5,7.1459,0.53,1.8541,51.29,32.4
CPCT02120061T,2,1,2.0,0.0504,0.47,1.9496,48.73,44.84
CPCT02030447T,1,3,0.3333333333333333,-0.9999,0.87,1.9999,45.88,50.52
CPCT02290008T,2,2,1.0,-0.1105999999999998,0.61,2.1106,50.63,34.49
CPCT02370006T,4,3,1.3333333333333333,0.4601000000000002,0.73,3.5399,48.17,36.22
CPCT02030218TIII,2,2,1.0,0.1147,0.37,1.8853,51.41,39.47
CPCT02160055T,2,2,1.0,-0.0474000000000001,0.58,2.0474,49.35,31.19
CPCT02080070TII,3,3,1.0,-1.4394,0.37,4.4394,49.23,37.58
DO217931,4,5,0.8,0.3146,0.68,3.6854,46.78,28.7
CPCT02160015T,2,2,1.0,-1.0257,0.71,3.0257,51.77,31.91
WIDE01010547T,5,3,1.6666666666666667,1.2795,0.74,3.7205,50.61,39.78
CPCT02020795T,3,2,1.5,0.1042999999999998,0.5,2.8957,45.8,32.28
CPCT02020680T,4,2,2.0,2.0844,0.72,1.9156,48.87,34.19
CPCT02120029T,2,2,1.0,-0.0531999999999999,0.64,2.0532,44.56,35.31
CPCT02230099T,4,2,2.0,0.4609000000000001,0.51,3.5391,49.09,48.05
WIDE01010950T,3,3,1.0,-0.1181999999999998,0.65,3.1182,48.74,36.47
CPCT02390010T,4,4,1.0,-0.8171999999999997,0.23,4.8172,49.93,44.81
CPCT02050183T,5,3,1.6666666666666667,1.3516,0.51,3.6484,47.35,36.36
DO52544,3,3,1.0,-0.2725,0.74,3.2725,46.84,34.11
CPCT02020599T,3,6,0.5,-0.4546999999999999,0.59,3.4547,48.96,39.91
CPCT02230125T,5,5,1.0,0.8860000000000001,0.66,4.114,50.66,40.72
CPCT02110080T,4,2,2.0,1.0260000000000002,0.4,2.974,49.98,38.33
CPCT02080049T,45,2,22.5,41.5872,0.9,3.4128,51.69,31.94
CPCT02360017T,2,2,1.0,-0.0695000000000001,0.7,2.0695,49.49,40.58
CPCT02040069T,35,4,8.75,31.8481,0.33,3.1519,49.58,35.2
DO217987,3,3,1.0,-0.4443999999999999,0.71,3.4444,41.19,32.84
CPCT02100067T,4,5,0.8,0.3900000000000001,0.71,3.61,47.71,34.4
CPCT02020773T,1,2,0.5,-0.7476,0.72,1.7476,47.36,31.66
CPCT02330032T,2,1,2.0,0.0354000000000001,0.65,1.9646,48.72,31.54
WIDE01010308T,2,3,0.6666666666666666,-1.1286999999999998,0.33,3.1287,49.71,45.17
CPCT02120087T,2,10,0.2,-0.5613000000000001,0.47,2.5613,49.06,33.26
WIDE01010322T,2,1,2.0,0.0576000000000001,0.73,1.9424,49.67,34.81
CPCT02290011T,2,2,1.0,-0.1156999999999999,1.0,2.1157,46.92,35.35
CPCT02030220T,4,2,2.0,0.4438,0.77,3.5562,45.84,44.15
CPCT02080300T,2,3,0.6666666666666666,-0.2776000000000001,0.46,2.2776,50.46,35.28
CPCT02010422T,6,5,1.2,2.0843,0.34,3.9157,51.48,43.76
CPCT02100093T,1,1,1.0,-0.8581000000000001,0.7,1.8581,47.48,34.47
CPCT02290037T,2,2,1.0,-0.6065999999999998,0.71,2.6066,49.25,37.49
TCGA-A2-A0D1T,32,3,10.666666666666666,28.1329,0.78,3.8671,53.07,31.27
DO218121,4,4,1.0,0.2229000000000001,0.43,3.7771,46.17,40.31
CPCT02050209T,1,2,0.5,-0.7545,0.57,1.7545,47.41,46.07
CPCT02230058T,2,2,1.0,-0.0468999999999999,1.0,2.0469,48.03,30.47
CPCT02020966T,2,2,1.0,-0.1288999999999998,0.84,2.1289,42.2,36.12
WIDE01010468T,4,4,1.0,0.8138999999999998,0.43,3.1861,49.9,39.06
CPCT02100066T,1,1,1.0,-1.0571000000000002,0.63,2.0571,47.57,38.89
DO218182,2,2,1.0,-0.0203000000000002,0.65,2.0203,37.7,33.96
CPCT02310018T,1,1,1.0,-0.9588,0.83,1.9588,49.94,36.82
CPCT02390043T,3,2,1.5,1.0136,0.7,1.9864,49.83,36.96
TCGA-E2-A109T,5,6,0.8333333333333334,0.9768,0.68,4.0232,53.62,35.62
DO217788,3,2,1.5,1.0463,0.85,1.9537,45.06,33.44
CPCT02230025T,37,3,12.333333333333336,33.509100000000004,0.46,3.4909,43.72,27.55
CPCT02030521T,3,2,1.5,-0.0392000000000001,0.24,3.0392,48.53,35.29
CPCT02140039T,4,4,1.0,0.0232000000000001,0.48,3.9768,50.92,32.89
CPCT02300008T,2,2,1.0,-1.1846,0.81,3.1846,44.83,34.57
TCGA-AN-A0ATT,3,3,1.0,-0.5726,0.49,3.5726,51.85,29.79
CPCT02030549T,2,2,1.0,-0.8915000000000002,0.55,2.8915,49.73,39.76
TCGA-A1-A0SMT,28,2,14.0,25.9409,0.6,2.0591,56.78,33.02
DO218174,2,2,1.0,-0.0676999999999998,0.63,2.0677,43.8,34.82
TCGA-AR-A24ZT,4,6,0.6666666666666666,0.7795000000000001,0.83,3.2205,47.55,27.7
CPCT02080063T,6,4,1.5,2.3217,0.59,3.6783,50.96,39.58
DO220821,2,2,1.0,-0.0550999999999999,0.53,2.0551,45.49,30.17
CPCT02010765T,2,2,1.0,-1.0571000000000002,0.36,3.0571,47.97,35.01
CPCT02390001T,4,1,4.0,1.9758,0.73,2.0242,48.88,30.52
CPCT02080200T,2,3,0.6666666666666666,0.0984,0.77,1.9016,48.59,33.62
CPCT02240003T,9,8,1.125,4.5811,0.43,4.4189,48.79,28.82
DO218168,2,0,0.0,0.0330000000000001,0.9,1.967,45.29,29.65
CPCT02160018T,1,1,1.0,-0.5666,0.41,1.5666,50.65,32.16
TCGA-E2-A15HT,14,1,14.0,12.0567,0.69,1.9433,42.97,31.57
TCGA-A2-A0EYT,38,2,19.0,34.6433,0.5,3.3567,49.25,30.83
CPCT02160009T,3,3,1.0,0.8708,0.83,2.1292,52.01,47.83
CPCT02080228T,6,3,2.0,2.5806,0.53,3.4194,49.16,32.18
WIDE01010967T,2,2,1.0,-0.0230999999999999,0.94,2.0231,47.98,35.42
TCGA-A2-A25BT,2,7,0.2857142857142857,-1.7723,0.6,3.7723,53.47,30.19
TCGA-BH-A1FCT,4,5,0.8,0.0625,0.47,3.9375,39.67,29.89
TCGA-BH-A0H6T,2,2,1.0,-0.2006000000000001,0.76,2.2006,50.02,31.81
TCGA-BH-A0H0T,4,2,2.0,0.0118999999999998,0.76,3.9881,53.73,30.39
CPCT02060128T,3,3,1.0,-0.5413000000000001,0.65,3.5413,49.33,41.26
CPCT02080005TII,2,2,1.0,-0.1688999999999998,0.26,2.1689,49.02,30.12
TCGA-A2-A04PT,2,2,1.0,-1.5213,0.6,3.5213,27.2,32.12
CPCT02380035T,3,3,1.0,0.0301999999999997,0.6,2.9698,46.05,31.83
DO218651,1,1,1.0,-1.1989999999999998,0.47,2.199,46.76,38.66
CPCT02010326TII,4,4,1.0,-1.1707,0.64,5.1707,50.88,43.74
CPCT02030289T,21,5,4.2,17.6787,0.47,3.3213,51.5,34.14
DO1017,2,2,1.0,-1.3932000000000002,0.24,3.3932,40.03,30.92
CPCT02160037T,3,2,1.5,1.2079,0.53,1.7921,49.64,34.33
CPCT02010658T,1,1,1.0,-0.8604,0.44,1.8604,45.58,29.78
DO218388,2,1,2.0,-0.2406999999999999,0.89,2.2407,41.05,37.79
CPCT02230036T,4,9,0.4444444444444444,0.0647999999999999,0.32,3.9352,47.34,45.08
WIDE01010728T,2,4,0.5,-1.0259,0.49,3.0259,47.82,37.44
CPCT02200007T,2,4,0.5,-2.4765,0.22,4.4765,49.96,35.63
DO1006,2,3,0.6666666666666666,-1.1789999999999998,0.7,3.179,31.58,27.68
CPCT02300011T,4,2,2.0,0.4312,0.45,3.5688,47.46,25.98
CPCT02160051T,1,1,1.0,-0.9543,0.4,1.9543,48.66,34.04
CPCT02210010T,2,1,2.0,-0.0272999999999998,0.43,2.0273,50.58,39.31
CPCT02020160TIII,2,1,2.0,0.0041999999999999,0.84,1.9958,49.74,31.11
TCGA-E2-A1LKT,5,5,1.0,0.5408999999999997,0.73,4.4591,51.56,30.42
CPCT02100170T,4,4,1.0,0.7294999999999998,0.47,3.2705,50.03,30.9
CPCT02230089T,2,2,1.0,-1.261,0.31,3.261,50.16,29.32
CPCT02380052T,2,2,1.0,-1.3793000000000002,0.68,3.3793,49.19,30.55
TCGA-E2-A15KT,2,2,1.0,-0.0280999999999997,0.7,2.0281,44.86,26.69
CPCT02030261T,1,1,1.0,-0.8742000000000001,0.55,1.8742,50.52,33.04
CPCT02220047T,2,3,0.6666666666666666,-0.0430999999999999,0.66,2.0431,47.45,34.13
CPCT02080183T,1,1,1.0,-1.1343,0.73,2.1343,48.04,32.26
WIDE01010303T,4,3,1.3333333333333333,1.0819,0.67,2.9181,48.5,41.8
CPCT02030265T,1,1,1.0,-0.9306,0.36,1.9306,50.97,32.56
WIDE01010574T,3,3,1.0,-0.0661,0.49,3.0661,50.26,44.0
CPCT02010846T,1,2,0.5,-0.9856,0.8,1.9856,48.6,36.52
CPCT02360011T,4,3,1.3333333333333333,0.4925000000000002,0.39,3.5075,47.83,27.95
CPCT02230071T,1,2,0.5,-0.815,0.31,1.815,48.25,40.43
DO217865,2,1,2.0,-0.1084,0.55,2.1084,51.9,36.46
CPCT02160012T,47,4,11.75,43.0448,0.31,3.9552,51.69,44.06
CPCT02060075T,3,3,1.0,-1.5343999999999998,0.4,4.5344,50.47,39.3
TCGA-A8-A075T,2,3,0.6666666666666666,-1.4545,0.52,3.4545,59.0,33.09
CPCT02410017T,3,3,1.0,-0.8317000000000001,0.6,3.8317,50.34,32.09
DO218605,1,2,0.5,-0.9409999999999998,0.52,1.941,38.83,45.86
DO220824,2,2,1.0,-0.1913,0.75,2.1913,40.1,41.99
TCGA-E2-A152T,94,2,47.0,90.6696,0.53,3.3304,46.72,30.77
CPCT02110077T,4,5,0.8,-0.4451999999999998,0.74,4.4452,48.08,30.79
CPCT02050409T,2,2,1.0,-0.0278,0.79,2.0278,48.61,37.56
CPCT02020382T,4,4,1.0,0.3822999999999999,0.46,3.6177,48.38,36.26
WIDE01010489T,2,2,1.0,0.0215,0.7,1.9785,49.69,34.54
WIDE01010142T,52,5,10.4,48.5877,0.35,3.4123,45.14,43.37
CPCT02020801T,2,1,2.0,0.278,0.6,1.722,46.62,39.97
CPCT02040134T,2,2,1.0,-0.8500000000000001,0.62,2.85,47.15,38.24
CPCT02080002T,2,2,1.0,-0.0638,0.9,2.0638,51.26,29.1
CPCT02020186TII,6,2,3.0,2.1122,0.74,3.8878,51.01,45.31
CPCT02020711T,3,2,1.5,0.9209999999999998,0.7,2.079,49.27,27.69
CPCT02100067TII,4,4,1.0,0.4018000000000001,0.65,3.5982,48.11,34.4
CPCT02100035T,4,2,2.0,1.3113,0.27,2.6887,48.94,35.16
CPCT02110023T,45,4,11.25,40.9777,0.46,4.0223,49.95,36.27
CPCT02100125T,1,3,0.3333333333333333,-1.0531,0.78,2.0531,48.67,35.94
CPCT02080216T,2,2,1.0,-0.8445999999999998,0.34,2.8446,50.39,36.7
WIDE01010759T,4,2,2.0,0.1719999999999997,0.79,3.828,48.97,38.0
TCGA-AR-A1AYT,1,1,1.0,-0.7887,0.79,1.7887,47.08,27.84
DO218167,2,1,2.0,0.0761,0.52,1.9239,43.53,32.38
CPCT02230022T,14,2,7.0,10.8353,0.41,3.1647,46.84,33.24
CPCT02360016T,1,1,1.0,-1.2158000000000002,0.25,2.2158,48.2,35.2
WIDE01010268T,3,1,3.0,1.3018,0.72,1.6982,47.29,39.73
CPCT02120024T,2,2,1.0,0.1540000000000001,0.44,1.846,46.67,30.03
CPCT02120016T,4,4,1.0,0.4922,0.41,3.5078,46.76,29.1
DO52548,2,2,1.0,-1.2990000000000002,0.51,3.299,52.33,48.76
DO217952,2,2,1.0,-0.0240999999999997,0.8,2.0241,48.48,36.66
CPCT02040290T,2,2,1.0,-0.1604000000000001,0.63,2.1604,46.24,30.66
DO218384,2,2,1.0,0.0928,0.74,1.9072,51.21,35.13
CPCT02010276TII,2,2,1.0,-0.1678000000000001,0.74,2.1678,49.95,44.72
CPCT02140044T,2,2,1.0,-1.5365000000000002,0.4,3.5365,48.51,26.2
CPCT02180028T,2,2,1.0,0.0294,0.9,1.9706,48.16,31.02
CPCT02220053T,3,1,3.0,0.8054999999999999,0.72,2.1945,45.48,34.3
CPCT02110057T,3,1,3.0,1.0132,0.58,1.9868,47.99,30.65
CPCT02050120T,55,2,27.5,53.2173,0.44,1.7827,51.32,32.43
CPCT02040047T,24,2,12.0,20.6317,0.57,3.3683,50.59,36.78
CPCT02460005T,3,2,1.5,-0.5381999999999998,0.84,3.5382,49.64,38.91
CPCT02080253T,3,2,1.5,-0.2896000000000001,0.69,3.2896,49.29,36.77
TCGA-BH-A18UT,104,3,34.666666666666664,98.4559,0.7,5.5441,48.67,32.87
WIDE01011048T,2,7,0.2857142857142857,-2.7689000000000004,0.57,4.7689,48.56,39.67
CPCT02030383T,2,2,1.0,0.0663,0.63,1.9337,48.65,34.11
CPCT02270021T,4,6,0.6666666666666666,0.2852999999999999,0.35,3.7147,50.81,30.88
WIDE01010564T,4,2,2.0,0.4474999999999998,0.72,3.5525,50.66,39.75
WIDE01010785T,3,2,1.5,-0.9371,0.53,3.9371,49.31,38.29
CPCT02070168T,1,1,1.0,-0.9428,0.72,1.9428,48.15,44.35
CPCT02170029T,2,2,1.0,-1.4177,0.38,3.4177,46.98,39.78
CPCT02010772T,6,2,3.0,4.042,0.61,1.958,49.6,38.12
TCGA-GM-A3XLT,1,1,1.0,-1.2496,0.6,2.2496,56.39,33.76
CPCT02100011T,2,5,0.4,0.0152000000000001,0.34,1.9848,50.54,35.87
DO52542,1,1,1.0,-0.6417999999999999,0.63,1.6418,39.15,37.12
CPCT02210004T,2,2,1.0,0.159,0.28,1.841,51.84,43.93
CPCT02040036T,2,2,1.0,-0.2863000000000002,0.7,2.2863,50.14,34.95
CPCT02140004T,51,3,17.0,47.7149,0.5,3.2851,44.4,34.77
DO218176,2,3,0.6666666666666666,-1.8103,0.22,3.8103,46.96,30.72
CPCT02040145T,3,2,1.5,-0.5575999999999999,0.52,3.5576,47.58,37.96
CPCT02160042T,2,3,0.6666666666666666,-0.3763999999999999,0.4,2.3764,49.87,31.17
CPCT02030451T,1,3,0.3333333333333333,-0.9166,0.52,1.9166,49.64,29.5
CPCT02020239T,3,2,1.5,1.0419999999999998,0.68,1.958,50.76,35.83
WIDE01010738T,3,1,3.0,0.3887000000000001,0.86,2.6113,45.45,36.63
CPCT02020493TII,3,3,1.0,0.967,0.57,2.033,48.34,44.86
CPCT02010907T,3,3,1.0,0.8235000000000001,0.21,2.1765,43.56,31.63
CPCT02020287T,2,2,1.0,0.0296,0.76,1.9704,50.69,30.04
TCGA-E2-A15EM,9,2,4.5,5.4421,0.65,3.5579,51.12,31.22
CPCT02110050T,2,3,0.6666666666666666,0.1368,0.78,1.8632,48.59,36.61
CPCT02040097T,52,6,8.666666666666666,49.1753,0.53,2.8247,51.21,33.49
DO217907,3,2,1.5,0.0184000000000002,0.33,2.9816,40.73,36.07
CPCT02020545T,72,1,72.0,68.4749,0.75,3.5251,47.69,29.66
CPCT02340071T,3,3,1.0,-0.4321000000000001,0.22,3.4321,49.52,36.2
CPCT02020247T,2,2,1.0,-0.0091999999999998,0.62,2.0092,51.43,31.98
CPCT02100002T,1,1,1.0,-0.9731,0.69,1.9731,51.9,42.34
CPCT02010901T,4,4,1.0,0.0045000000000001,0.5,3.9955,48.27,40.53
CPCT02360008T,2,3,0.6666666666666666,0.1007,0.67,1.8993,48.92,29.87
DO1014,18,2,9.0,16.0098,0.54,1.9902,28.23,31.86
CPCT02120051T,2,4,0.5,-1.0064000000000002,0.39,3.0064,49.71,40.11
CPCT02120158T,3,3,1.0,0.1303999999999998,0.8,2.8696,49.42,37.01
CPCT02100028T,2,2,1.0,-0.1162999999999998,0.33,2.1163,51.32,36.21
CPCT02050309T,21,3,7.0,17.0505,0.38,3.9495,50.02,33.21
DO218502,1,1,1.0,-0.8813,0.57,1.8813,37.39,30.06
CPCT02030464T,23,4,5.75,19.553,0.76,3.447,50.45,41.6
WIDE01010326T,2,2,1.0,-0.1025,0.75,2.1025,49.18,39.88
CPCT02230120T,6,7,0.8571428571428571,1.8106,0.22,4.1894,50.83,43.1
CPCT02080250T,2,3,0.6666666666666666,-0.8923000000000001,0.48,2.8923,48.4,36.18
DO218059,5,3,1.6666666666666667,3.0202,0.63,1.9798,39.28,39.73
DO218478,3,2,1.5,0.9300000000000002,0.64,2.07,48.32,32.62
CPCT02100007T,4,4,1.0,0.5289999999999999,0.27,3.471,46.59,35.25
CPCT02220029T,3,3,1.0,-1.1786000000000003,0.35,4.1786,47.83,36.3
DO1011,4,4,1.0,0.0821999999999998,0.66,3.9178,36.81,38.06
CPCT02160022T,6,4,1.5,0.6723999999999997,0.48,5.3276,46.69,34.69
CPCT02080112T,2,2,1.0,-1.5849000000000002,0.35,3.5849,44.72,34.45
CPCT02150027T,1,5,0.2,-0.9513,0.69,1.9513,47.61,37.62
CPCT02020721T,6,3,2.0,2.3803,0.5,3.6197,48.24,36.48
CPCT02020685T,3,2,1.5,0.1198000000000001,0.8,2.8802,48.34,40.23
TCGA-BH-A0EAT,2,2,1.0,-0.0699,0.52,2.0699,48.22,28.04
CPCT02010708T,2,2,1.0,-1.0891000000000002,0.4,3.0891,48.48,39.15
CPCT02370024T,1,1,1.0,-0.8717999999999999,0.64,1.8718,50.31,31.26
CPCT02140083T,4,4,1.0,0.2008999999999998,0.29,3.7991,48.18,34.71
CPCT02010382TII,2,2,1.0,-1.5402999999999998,0.2,3.5403,51.64,34.44
CPCT02300001T,5,3,1.6666666666666667,1.2513,0.45,3.7487,49.98,32.61
CPCT02010276T,2,2,1.0,-0.1110999999999999,0.62,2.1111,48.78,44.72
CPCT02120117T,2,2,1.0,-0.3184999999999998,0.58,2.3185,50.27,32.14
WIDE01010584T,2,2,1.0,-1.4083,0.38,3.4083,50.75,40.39
CPCT02120154T,2,3,0.6666666666666666,0.0713999999999999,0.71,1.9286,49.61,36.0
DO1001,1,1,1.0,-0.8224,0.48,1.8224,32.72,30.79
WIDE01010702T,5,5,1.0,1.3845,0.26,3.6155,49.37,45.0
TCGA-AO-A0J4T,2,2,1.0,-0.8119000000000001,0.5,2.8119,31.44,31.83
DO52539,1,2,0.5,-0.7435,0.48,1.7435,42.77,34.07
TCGA-AO-A03NT,2,3,0.6666666666666666,-1.234,0.65,3.234,47.89,35.88
CPCT02010468T,2,2,1.0,-1.3060999999999998,0.47,3.3061,50.42,38.16
WIDE01010212T,8,1,8.0,6.1786,0.61,1.8214,43.04,37.42
DO217934,2,2,1.0,-0.1585999999999998,0.49,2.1586,39.45,32.73
DO52549,2,5,0.4,-1.3039,0.88,3.3039,41.53,38.29
CPCT02340047T,2,2,1.0,-0.2845,1.0,2.2845,48.3,36.91
CPCT02160019T,2,5,0.4,-0.9015,0.24,2.9015,49.57,30.95
CPCT02030216TII,2,2,1.0,-0.0567999999999999,1.0,2.0568,51.29,31.56
WIDE01010067T,2,2,1.0,-1.1889999999999996,0.31,3.189,47.57,33.14
CPCT02220044T,2,4,0.5,-1.8649,0.39,3.8649,49.24,27.87
DO218333,5,3,1.6666666666666667,1.3131,0.6,3.6869,40.21,42.22
CPCT02030522T,2,2,1.0,0.0722,0.62,1.9278,49.99,34.04
CPCT02050060T,17,2,8.5,15.305,0.45,1.695,50.65,39.39
TCGA-C8-A130T,6,4,1.5,2.269,0.56,3.731,43.95,34.84
CPCT02110028T,2,2,1.0,-1.0387,0.45,3.0387,48.91,36.02
CPCT02040071TII,5,5,1.0,0.6517999999999997,0.52,4.3482,48.74,43.67
WIDE01010909T,3,3,1.0,-0.4217,0.24,3.4217,43.47,31.71
WIDE01010335T,1,2,0.5,-0.7469999999999999,0.53,1.747,45.64,38.61
DO52540,3,2,1.5,0.0396999999999998,0.21,2.9603,49.81,40.1
CPCT02020693T,1,1,1.0,-0.6230000000000002,0.41,1.6230000000000002,50.14,34.02
DO218254,3,1,3.0,0.7698999999999998,0.68,2.2301,41.44,37.94
TCGA-BH-A0WAT,2,2,1.0,-1.1124999999999998,0.58,3.1125,29.52,27.76
CPCT02120165T,2,2,1.0,-0.7650999999999999,0.77,2.7651,40.81,30.44
CPCT02020541T,4,2,2.0,0.1956000000000002,0.49,3.8044,47.8,36.96
CPCT02380036T,1,1,1.0,-0.8046,0.48,1.8046,49.73,37.69
CPCT02180070T,2,2,1.0,-0.2574999999999998,0.74,2.2575,49.1,28.88
CPCT02410001T,6,2,3.0,1.3619000000000003,0.32,4.6381,46.67,32.84
CPCT02030258T,2,4,0.5,-1.3201999999999998,0.74,3.3202,48.56,35.04
DO218621,2,2,1.0,-0.0516,0.77,2.0516,38.36,38.38
CPCT02390038T,2,6,0.3333333333333333,-1.9974,0.29,3.9974,49.94,36.59
CPCT02330067T,4,4,1.0,0.0348000000000001,0.56,3.9652,49.32,34.84
CPCT02100024T,9,3,3.0,4.6572,0.6,4.3428,50.02,36.92
CPCT02020617T,1,1,1.0,-0.8704000000000001,0.41,1.8704,49.46,42.64
CPCT02290001T,39,2,19.5,35.6552,0.57,3.3448,51.49,40.64
CPCT02080001TII,4,4,1.0,-0.9306,0.5,4.9306,47.63,36.15
WIDE01010248T,1,2,0.5,-1.5057,0.27,2.5057,48.27,40.13
CPCT02020490T,2,2,1.0,0.4921,0.58,1.5079,51.04,33.23
DO1016,39,4,9.75,37.3243,0.54,1.6757,30.95,34.7
CPCT02010359T,7,4,1.75,2.2618,0.27,4.7382,51.69,36.87
CPCT02020791T,2,3,0.6666666666666666,-0.1734,0.74,2.1734,42.61,34.71
CPCT02030264T,1,1,1.0,-0.9989,0.35,1.9989,51.55,39.05
CPCT02320003T,2,2,1.0,-0.2178,0.44,2.2178,50.39,39.43
CPCT02020666T,2,2,1.0,-0.0743999999999998,0.95,2.0744,50.21,39.29
CPCT02100050T,2,1,2.0,0.0322,0.78,1.9678,51.62,30.21
TCGA-BH-A0DTT,2,2,1.0,-0.2488000000000001,0.47,2.2488,54.69,32.9
CPCT02260029T,2,4,0.5,-1.4130000000000005,0.89,3.4130000000000003,48.51,33.46
CPCT02050288T,3,4,0.75,0.1808,0.4,2.8192,49.86,39.64
CPCT02350008T,2,2,1.0,-1.1065,0.59,3.1065,49.63,32.16
CPCT02040321T,3,2,1.5,-0.1928999999999998,0.48,3.1929,49.99,34.05
CPCT02080254T,1,2,0.5,-1.0421999999999998,0.7,2.0422,48.4,36.87
CPCT02120052T,13,2,6.5,10.8408,0.76,2.1592,47.81,37.23
DO217787,2,4,0.5,-0.3250999999999999,0.53,2.3251,41.87,30.42
CPCT02460001T,4,3,1.3333333333333333,1.1277,0.83,2.8723,50.32,39.23
CPCT02010628T,2,3,0.6666666666666666,-2.1998,0.4,4.1998,48.43,31.97
DO52556,3,2,1.5,-0.2271999999999998,0.56,3.2272,37.28,28.6
WIDE01010740T,3,2,1.5,-0.1972,0.57,3.1972,47.36,26.53
WIDE01010072T,2,3,0.6666666666666666,-1.2713,0.71,3.2713,48.28,28.8
DO52555,1,1,1.0,-0.5646,0.66,1.5646,42.82,27.7
DO218419,2,1,2.0,-0.0253000000000001,0.54,2.0253,41.85,33.86
CPCT02010572T,3,3,1.0,-1.673,0.42,4.673,48.74,29.34
CPCT02010267TII,5,2,2.5,1.1522,0.32,3.8478,50.1,46.02
CPCT02110063T,1,1,1.0,-1.1894999999999998,0.43,2.1895,50.59,26.97
CPCT02020344T,3,5,0.6,0.3660000000000001,0.7,2.634,50.59,37.09
TCGA-A2-A0D4T,4,3,1.3333333333333333,0.2477999999999998,0.7,3.7522,48.49,29.68
DO218709,4,2,2.0,1.3167,0.31,2.6833,53.55,35.2
DO218408,2,2,1.0,-0.2096,0.66,2.2096,41.36,33.26
CPCT02040267T,4,4,1.0,-0.0693000000000001,0.38,4.0693,46.16,33.24
CPCT02080055T,1,2,0.5,-1.0179,0.35,2.0179,51.03,49.66
CPCT02160004T,4,3,1.3333333333333333,0.6863000000000001,0.62,3.3137,49.93,34.76
CPCT02010933T,3,3,1.0,-1.2742000000000004,0.32,4.2742,47.81,49.34
DO218173,2,1,2.0,-0.0592999999999999,1.0,2.0593,46.28,35.55
CPCT02100115T,2,2,1.0,0.0748999999999999,0.94,1.9251,49.21,42.21
CPCT02050218T,2,1,2.0,0.0373000000000001,0.82,1.9627,48.39,27.37
DO218269,4,1,4.0,1.0376,0.4,2.9624,44.92,34.2
CPCT02010419T,6,4,1.5,1.7058,0.26,4.2942,50.6,40.4
TCGA-A8-A08LT,4,4,1.0,0.2646000000000001,0.6,3.7354,50.9,28.53
WIDE01010311T,2,2,1.0,-0.8307000000000002,0.89,2.8307,48.0,40.36
CPCT02020299T,3,2,1.5,0.2159,0.38,2.7841,48.1,42.09
CPCT02050074T,2,2,1.0,-0.3698000000000001,0.71,2.3698,51.14,40.74
CPCT02180053T,4,4,1.0,0.5045999999999999,0.54,3.4954,50.31,37.23
DO218796,60,3,20.0,54.6745,0.21,5.3255,54.8,63.47
CPCT02030448T,1,1,1.0,-0.6536,0.66,1.6536,46.6,34.34
WIDE01010829T,2,2,1.0,-1.2503000000000002,0.55,3.2503,48.46,40.45
CPCT02070344T,4,7,0.5714285714285714,0.4788999999999999,0.32,3.5211,50.39,37.27
TCGA-A8-A094T,2,2,1.0,-1.3596,0.41,3.3596,57.1,31.67
TCGA-AQ-A04JT,1,1,1.0,-0.8342,0.49,1.8342,44.19,26.97
DO218742,2,2,1.0,-0.1968999999999998,0.52,2.1969,45.08,35.99
TCGA-AR-A0TXT,25,2,12.5,22.9738,0.42,2.0262,53.89,34.19
CPCT02050164T,1,1,1.0,-0.7879999999999999,0.67,1.788,47.92,42.0
